"id","server","username","DisplayName","acct_url","replies_count","reblogs_count","favourites_count","url","uri","created_at"
"112019086337764974","fosstodon.org","jaykul","Joel Bennett","https://fosstodon.org/@jaykul","0","0","0","https://fosstodon.org/@jaykul/112019086337764974","https://fosstodon.org/users/jaykul/statuses/112019086337764974","03/01/2024 06:46:49"
"112020198524533312","techhub.social","Clatent","Clayton Tyger","https://techhub.social/@Clatent","0","0","0","https://techhub.social/@Clatent/112020198524533312","https://techhub.social/users/Clatent/statuses/112020198524533312","03/01/2024 11:29:40"
"112020790710211054","mastodon.social","leanpub","Leanpub","https://mastodon.social/@leanpub","0","0","0","https://mastodon.social/@leanpub/112020790710211054","https://mastodon.social/users/leanpub/statuses/112020790710211054","03/01/2024 14:00:16"
"112020861140681021","mastodon.social","mdowst","Matthew Dowst","https://mastodon.social/@mdowst","0","1","0","https://mastodon.social/@mdowst/112020861140681021","https://mastodon.social/users/mdowst/statuses/112020861140681021","03/01/2024 14:18:10"
"112021999516877947","techhub.social","SAPIENTech","SAPIENTech","https://techhub.social/@SAPIENTech","0","0","0","https://techhub.social/@SAPIENTech/112021999516877947","https://techhub.social/users/SAPIENTech/statuses/112021999516877947","03/01/2024 19:07:40"
"112022740058281698","fosstodon.org","sourcenouveau","M. Dudley","https://fosstodon.org/@sourcenouveau","1","2","0","https://fosstodon.org/@sourcenouveau/112022740058281698","https://fosstodon.org/users/sourcenouveau/statuses/112022740058281698","03/01/2024 22:16:00"
"112024898101288641","fosstodon.org","jaykul","Joel Bennett","https://fosstodon.org/@jaykul","0","0","0","https://fosstodon.org/@jaykul/112024898101288641","https://fosstodon.org/users/jaykul/statuses/112024898101288641","03/02/2024 07:24:49"
"112024864234641192","fosstodon.org","jaykul","Joel Bennett","https://fosstodon.org/@jaykul","0","0","0","https://fosstodon.org/@jaykul/112024864234641192","https://fosstodon.org/users/jaykul/statuses/112024864234641192","03/02/2024 07:16:13"
"112025262279946601","infosec.exchange","sassdawe","Sass, David","https://infosec.exchange/@sassdawe","0","0","0","https://infosec.exchange/@sassdawe/112025262279946601","https://infosec.exchange/users/sassdawe/statuses/112025262279946601","03/02/2024 08:57:26"
"112027602345696518","mastodon.social","joshooaj","Josh Hendricks","https://mastodon.social/@joshooaj","0","0","0","https://mastodon.social/@joshooaj/112027602345696518","https://mastodon.social/users/joshooaj/statuses/112027602345696518","03/02/2024 18:52:33"
"112027835356267720","fosstodon.org","MrPowerShell","MrPowerShell","https://fosstodon.org/@MrPowerShell","0","0","0","https://fosstodon.org/@MrPowerShell/112027835356267720","https://fosstodon.org/users/MrPowerShell/statuses/112027835356267720","03/02/2024 19:51:48"
"112037388527136658","techhub.social","Clatent","Clayton Tyger","https://techhub.social/@Clatent","0","0","0","https://techhub.social/@Clatent/112037388527136658","https://techhub.social/users/Clatent/statuses/112037388527136658","03/04/2024 12:21:18"
"112038030654908385","techhub.social","JeffHicks","Jeff Hicks üê∂üéºüç∑üñ•Ô∏è","https://techhub.social/@JeffHicks","0","0","0","https://techhub.social/@JeffHicks/112038030654908385","https://techhub.social/users/JeffHicks/statuses/112038030654908385","03/04/2024 15:04:36"
"112038750398484704","techhub.social","SAPIENTech","SAPIENTech","https://techhub.social/@SAPIENTech","0","1","0","https://techhub.social/@SAPIENTech/112038750398484704","https://techhub.social/users/SAPIENTech/statuses/112038750398484704","03/04/2024 18:07:39"
"112038744420048253","techhub.social","JeffHicks","Jeff Hicks üê∂üéºüç∑üñ•Ô∏è","https://techhub.social/@JeffHicks","0","0","0","https://techhub.social/@JeffHicks/112038744420048253","https://techhub.social/users/JeffHicks/statuses/112038744420048253","03/04/2024 18:06:07"
"112038605833705673","techhub.social","EdTittel","Ed Tittel","https://techhub.social/@EdTittel","0","0","0","https://techhub.social/@EdTittel/112038605833705673","https://techhub.social/users/EdTittel/statuses/112038605833705673","03/04/2024 17:30:53"
"112039131420787049","fosstodon.org","MrPowerShell","MrPowerShell","https://fosstodon.org/@MrPowerShell","0","0","0","https://fosstodon.org/@MrPowerShell/112039131420787049","https://fosstodon.org/users/MrPowerShell/statuses/112039131420787049","03/04/2024 19:44:33"
"112039757978493939","techhub.social","JeffHicks","Jeff Hicks üê∂üéºüç∑üñ•Ô∏è","https://techhub.social/@JeffHicks","0","0","0","https://techhub.social/@JeffHicks/112039757978493939","https://techhub.social/users/JeffHicks/statuses/112039757978493939","03/04/2024 22:23:53"
"112040577272368538","fosstodon.org","MrPowerShell","MrPowerShell","https://fosstodon.org/@MrPowerShell","0","0","0","https://fosstodon.org/@MrPowerShell/112040577272368538","https://fosstodon.org/users/MrPowerShell/statuses/112040577272368538","03/05/2024 01:52:15"
"112042216760521313","mastodon.social","altf4formation","AltF4-Formation","https://mastodon.social/@altf4formation","0","0","0","https://mastodon.social/@altf4formation/112042216760521313","https://mastodon.social/users/altf4formation/statuses/112042216760521313","03/05/2024 08:49:11"
"112043383865652665","fosstodon.org","mikekanakos","Mike Kanakos","https://fosstodon.org/@mikekanakos","0","1","1","https://fosstodon.org/@mikekanakos/112043383865652665","https://fosstodon.org/users/mikekanakos/statuses/112043383865652665","03/05/2024 13:46:00"
"112043571307453389","fosstodon.org","mdgrs","mdgrs","https://fosstodon.org/@mdgrs","0","0","0","https://fosstodon.org/@mdgrs/112043571307453389","https://fosstodon.org/users/mdgrs/statuses/112043571307453389","03/05/2024 14:33:40"
"112043956897671423","techhub.social","JeffHicks","Jeff Hicks üê∂üéºüç∑üñ•Ô∏è","https://techhub.social/@JeffHicks","0","0","0","https://techhub.social/@JeffHicks/112043956897671423","https://techhub.social/users/JeffHicks/statuses/112043956897671423","03/05/2024 16:11:44"
"112044622780286690","techhub.social","SAPIENTech","SAPIENTech","https://techhub.social/@SAPIENTech","0","0","0","https://techhub.social/@SAPIENTech/112044622780286690","https://techhub.social/users/SAPIENTech/statuses/112044622780286690","03/05/2024 19:01:04"
"112044967161876492","techhub.social","JeffHicks","Jeff Hicks üê∂üéºüç∑üñ•Ô∏è","https://techhub.social/@JeffHicks","0","0","0","https://techhub.social/@JeffHicks/112044967161876492","https://techhub.social/users/JeffHicks/statuses/112044967161876492","03/05/2024 20:28:39"
"112047384975769064","mastodon.social","geekland","Geekland","https://mastodon.social/@geekland","0","0","0","https://mastodon.social/@geekland/112047384975769064","https://mastodon.social/users/geekland/statuses/112047384975769064","03/06/2024 06:43:32"
"112050591360010649","fosstodon.org","MrPowerShell","MrPowerShell","https://fosstodon.org/@MrPowerShell","0","0","1","https://fosstodon.org/@MrPowerShell/112050591360010649","https://fosstodon.org/users/MrPowerShell/statuses/112050591360010649","03/06/2024 20:18:57"
"112051007878634094","mastodon.sdf.org","cs","cseiler","https://mastodon.sdf.org/@cs","0","0","0","https://mastodon.sdf.org/@cs/112051007878634094","https://mastodon.sdf.org/users/cs/statuses/112051007878634094","03/06/2024 22:04:53"
"112051078203502859","techhub.social","gregglsc","Gregg Lott","https://techhub.social/@gregglsc","0","1","0","https://techhub.social/@gregglsc/112051078203502859","https://techhub.social/users/gregglsc/statuses/112051078203502859","03/06/2024 22:22:46"
"112051332042097225","fosstodon.org","MrPowerShell","MrPowerShell","https://fosstodon.org/@MrPowerShell","1","1","0","https://fosstodon.org/@MrPowerShell/112051332042097225","https://fosstodon.org/users/MrPowerShell/statuses/112051332042097225","03/06/2024 23:27:19"
"112051314555152141","fosstodon.org","MrPowerShell","MrPowerShell","https://fosstodon.org/@MrPowerShell","0","0","0","https://fosstodon.org/@MrPowerShell/112051314555152141","https://fosstodon.org/users/MrPowerShell/statuses/112051314555152141","03/06/2024 23:22:52"
"112053486891815454","mastodon.social","altf4formation","AltF4-Formation","https://mastodon.social/@altf4formation","0","0","0","https://mastodon.social/@altf4formation/112053486891815454","https://mastodon.social/users/altf4formation/statuses/112053486891815454","03/07/2024 08:35:20"
"112054895921399882","hachyderm.io","taijidude","taijidude","https://hachyderm.io/@taijidude","2","0","2","https://hachyderm.io/@taijidude/112054895921399882","https://hachyderm.io/users/taijidude/statuses/112054895921399882","03/07/2024 14:33:40"
"112056620833935374","techhub.social","EdTittel","Ed Tittel","https://techhub.social/@EdTittel","0","0","0","https://techhub.social/@EdTittel/112056620833935374","https://techhub.social/users/EdTittel/statuses/112056620833935374","03/07/2024 21:52:20"
"112057366721354612","techhub.social","TonyRedmond","Tony Redmond","https://techhub.social/@TonyRedmond","0","0","0","https://techhub.social/@TonyRedmond/112057366721354612","https://techhub.social/users/TonyRedmond/statuses/112057366721354612","03/08/2024 01:02:01"
"112060511169638976","fosstodon.org","mdgrs","mdgrs","https://fosstodon.org/@mdgrs","0","0","0","https://fosstodon.org/@mdgrs/112060511169638976","https://fosstodon.org/users/mdgrs/statuses/112060511169638976","03/08/2024 14:21:42"
"112060527627122232","mastodon.social","mdowst","Matthew Dowst","https://mastodon.social/@mdowst","0","1","1","https://mastodon.social/@mdowst/112060527627122232","https://mastodon.social/users/mdowst/statuses/112060527627122232","03/08/2024 14:25:53"
"112060964930764903","techhub.social","JeffHicks","Jeff Hicks üê∂üéºüç∑üñ•Ô∏è","https://techhub.social/@JeffHicks","0","0","0","https://techhub.social/@JeffHicks/112060964930764903","https://techhub.social/users/JeffHicks/statuses/112060964930764903","03/08/2024 16:17:06"
"112061474407348738","fosstodon.org","mikekanakos","Mike Kanakos","https://fosstodon.org/@mikekanakos","0","0","0","https://fosstodon.org/@mikekanakos/112061474407348738","https://fosstodon.org/users/mikekanakos/statuses/112061474407348738","03/08/2024 18:26:40"
"112062534955439582","fosstodon.org","MrPowerShell","MrPowerShell","https://fosstodon.org/@MrPowerShell","0","1","0","https://fosstodon.org/@MrPowerShell/112062534955439582","https://fosstodon.org/users/MrPowerShell/statuses/112062534955439582","03/08/2024 22:56:22"
"112062906598667702","fosstodon.org","MrPowerShell","MrPowerShell","https://fosstodon.org/@MrPowerShell","0","0","0","https://fosstodon.org/@MrPowerShell/112062906598667702","https://fosstodon.org/users/MrPowerShell/statuses/112062906598667702","03/09/2024 00:30:53"
"112065070933468739","chaos.social","ly2en","Simonas Kareiva LY2EN","https://chaos.social/@ly2en","0","0","0","https://chaos.social/@ly2en/112065070933468739","https://chaos.social/users/ly2en/statuses/112065070933468739","03/09/2024 09:41:18"
"112067085989441008","techhub.social","Clatent","Clayton Tyger","https://techhub.social/@Clatent","0","0","0","https://techhub.social/@Clatent/112067085989441008","https://techhub.social/users/Clatent/statuses/112067085989441008","03/09/2024 18:13:45"
"112067506097838991","infosec.exchange","r1cksec","r1cksec","https://infosec.exchange/@r1cksec","0","0","0","https://infosec.exchange/@r1cksec/112067506097838991","https://infosec.exchange/users/r1cksec/statuses/112067506097838991","03/09/2024 20:00:36"
"112069244419306292","hachyderm.io","deadlydog","Dan Schroeder","https://hachyderm.io/@deadlydog","0","0","0","https://hachyderm.io/@deadlydog/112069244419306292","https://hachyderm.io/users/deadlydog/statuses/112069244419306292","03/10/2024 03:22:40"
"112073111164579205","chaos.social","joergi","J√∂rgi","https://chaos.social/@joergi","2","1","0","https://chaos.social/@joergi/112073111164579205","https://chaos.social/users/joergi/statuses/112073111164579205","03/10/2024 19:46:02"
"112073133543686732","mastodon.social","marczin","Daniel Marczin","https://mastodon.social/@marczin","0","0","0","https://mastodon.social/@marczin/112073133543686732","https://mastodon.social/users/marczin/statuses/112073133543686732","03/10/2024 19:51:44"
"112073074142221890","techhub.social","ollimenzel","Oliver Menzel","https://techhub.social/@ollimenzel","0","0","0","https://techhub.social/@ollimenzel/112073074142221890","https://techhub.social/users/ollimenzel/statuses/112073074142221890","03/10/2024 19:36:37"
"112073431392088988","chaos.social","joergi","J√∂rgi","https://chaos.social/@joergi","0","0","0","https://chaos.social/@joergi/112073431392088988","https://chaos.social/users/joergi/statuses/112073431392088988","03/10/2024 21:07:29"
"112073581246058269","fosstodon.org","jaykul","Joel Bennett","https://fosstodon.org/@jaykul","1","0","1","https://fosstodon.org/@jaykul/112073581246058269","https://fosstodon.org/users/jaykul/statuses/112073581246058269","03/10/2024 21:45:35"
"112073596393215055","mas.to","hanscees","Hans-Cees","https://mas.to/@hanscees","1","0","0","https://mas.to/@hanscees/112073596393215055","https://mas.to/users/hanscees/statuses/112073596393215055","03/10/2024 21:49:26"
"112076557268447554","mastodonapp.uk","matty","matty of salisbury","https://mastodonapp.uk/@matty","0","0","0","https://mastodonapp.uk/@matty/112076557268447554","https://mastodonapp.uk/users/matty/statuses/112076557268447554","03/11/2024 10:22:26"
"112077903944948708","techhub.social","JeffHicks","Jeff Hicks üê∂üéºüç∑üñ•Ô∏è","https://techhub.social/@JeffHicks","0","0","0","https://techhub.social/@JeffHicks/112077903944948708","https://techhub.social/users/JeffHicks/statuses/112077903944948708","03/11/2024 16:04:54"
"112078163022482351","fosstodon.org","MrPowerShell","MrPowerShell","https://fosstodon.org/@MrPowerShell","0","0","0","https://fosstodon.org/@MrPowerShell/112078163022482351","https://fosstodon.org/users/MrPowerShell/statuses/112078163022482351","03/11/2024 17:10:48"
"112077953758392679","techhub.social","JeffHicks","Jeff Hicks üê∂üéºüç∑üñ•Ô∏è","https://techhub.social/@JeffHicks","0","2","1","https://techhub.social/@JeffHicks/112077953758392679","https://techhub.social/users/JeffHicks/statuses/112077953758392679","03/11/2024 16:17:34"
"112078835823921701","hachyderm.io","alvinashcraft","Alvin Ashcraft üêøÔ∏è","https://hachyderm.io/@alvinashcraft","0","0","0","https://hachyderm.io/@alvinashcraft/112078835823921701","https://hachyderm.io/users/alvinashcraft/statuses/112078835823921701","03/11/2024 20:01:54"
"112080494356662506","mastodon.social","RedPacketSecurity","RedPacket Security","https://mastodon.social/@RedPacketSecurity","0","0","0","https://mastodon.social/@RedPacketSecurity/112080494356662506","https://mastodon.social/users/RedPacketSecurity/statuses/112080494356662506","03/12/2024 03:03:41"
"112081904471069457","mastodon.social","koenig123","","https://mastodon.social/@koenig123","0","0","0","https://mastodon.social/@koenig123/112081904471069457","https://mastodon.social/users/koenig123/statuses/112081904471069457","03/12/2024 09:02:18"
"112083531799250415","fosstodon.org","jaykul","Joel Bennett","https://fosstodon.org/@jaykul","0","0","0","https://fosstodon.org/@jaykul/112083531799250415","https://fosstodon.org/users/jaykul/statuses/112083531799250415","03/12/2024 15:56:09"
"112083369273090325","masto.ai","DoctorDNS","Thomas Lee ‚úÖ :patreon:","https://masto.ai/@DoctorDNS","0","0","0","https://masto.ai/@DoctorDNS/112083369273090325","https://masto.ai/users/DoctorDNS/statuses/112083369273090325","03/12/2024 15:14:49"
"112088527630137651","techhub.social","SAPIENTech","SAPIENTech","https://techhub.social/@SAPIENTech","0","0","0","https://techhub.social/@SAPIENTech/112088527630137651","https://techhub.social/users/SAPIENTech/statuses/112088527630137651","03/13/2024 13:06:39"
"112089016539382433","techhub.social","EdTittel","Ed Tittel","https://techhub.social/@EdTittel","0","0","0","https://techhub.social/@EdTittel/112089016539382433","https://techhub.social/users/EdTittel/statuses/112089016539382433","03/13/2024 15:10:59"
"112089942194456283","fosstodon.org","thomy2000","Thomas Frans üá∫üá¶","https://fosstodon.org/@thomy2000","0","1","0","https://fosstodon.org/@thomy2000/112089942194456283","https://fosstodon.org/users/thomy2000/statuses/112089942194456283","03/13/2024 19:06:23"
"112089932923851554","infosec.exchange","sassdawe","Sass, David","https://infosec.exchange/@sassdawe","0","0","0","https://infosec.exchange/@sassdawe/112089932923851554","https://infosec.exchange/users/sassdawe/statuses/112089932923851554","03/13/2024 19:04:02"
"112089967781943334","infosec.exchange","sassdawe","Sass, David","https://infosec.exchange/@sassdawe","1","1","2","https://infosec.exchange/@sassdawe/112089967781943334","https://infosec.exchange/users/sassdawe/statuses/112089967781943334","03/13/2024 19:12:54"
"112090153607789239","mastodon.nu","bjompen","Bjompen","https://mastodon.nu/@bjompen","0","0","1","https://mastodon.nu/@bjompen/112090153607789239","https://mastodon.nu/users/bjompen/statuses/112090153607789239","03/13/2024 20:00:09"
"112091687385676404","mstdn.social","cjerrington","Clayton Errington üñ•Ô∏è","https://mstdn.social/@cjerrington","0","0","0","https://mstdn.social/@cjerrington/112091687385676404","https://mstdn.social/users/cjerrington/statuses/112091687385676404","03/14/2024 02:30:13"
"112092464036724483","fosstodon.org","jaykul","Joel Bennett","https://fosstodon.org/@jaykul","0","0","0","https://fosstodon.org/@jaykul/112092464036724483","https://fosstodon.org/users/jaykul/statuses/112092464036724483","03/14/2024 05:47:44"
"112093930127709456","techhub.social","JeffHicks","Jeff Hicks üê∂üéºüç∑üñ•Ô∏è","https://techhub.social/@JeffHicks","0","0","0","https://techhub.social/@JeffHicks/112093930127709456","https://techhub.social/users/JeffHicks/statuses/112093930127709456","03/14/2024 12:00:35"
"112097723393166504","fosstodon.org","jaykul","Joel Bennett","https://fosstodon.org/@jaykul","0","0","0","https://fosstodon.org/@jaykul/112097723393166504","https://fosstodon.org/users/jaykul/statuses/112097723393166504","03/15/2024 04:05:15"
"112100062285443231","mastodon.social","leanpub","Leanpub","https://mastodon.social/@leanpub","0","0","0","https://mastodon.social/@leanpub/112100062285443231","https://mastodon.social/users/leanpub/statuses/112100062285443231","03/15/2024 14:00:04"
"112100604193684271","techhub.social","JeffHicks","Jeff Hicks üê∂üéºüç∑üñ•Ô∏è","https://techhub.social/@JeffHicks","0","0","0","https://techhub.social/@JeffHicks/112100604193684271","https://techhub.social/users/JeffHicks/statuses/112100604193684271","03/15/2024 16:17:53"
"112101514024713073","techhub.social","SAPIENTech","SAPIENTech","https://techhub.social/@SAPIENTech","0","0","0","https://techhub.social/@SAPIENTech/112101514024713073","https://techhub.social/users/SAPIENTech/statuses/112101514024713073","03/15/2024 20:09:16"
"112101817439080939","mstdn.social","cjerrington","Clayton Errington üñ•Ô∏è","https://mstdn.social/@cjerrington","0","0","1","https://mstdn.social/@cjerrington/112101817439080939","https://mstdn.social/users/cjerrington/statuses/112101817439080939","03/15/2024 21:26:25"
"112105512580868413","techhub.social","Clatent","Clayton Tyger","https://techhub.social/@Clatent","0","0","0","https://techhub.social/@Clatent/112105512580868413","https://techhub.social/users/Clatent/statuses/112105512580868413","03/16/2024 13:06:09"
"112105699850443985","fosstodon.org","mdgrs","mdgrs","https://fosstodon.org/@mdgrs","0","0","0","https://fosstodon.org/@mdgrs/112105699850443985","https://fosstodon.org/users/mdgrs/statuses/112105699850443985","03/16/2024 13:53:46"
"112105964403920767","mastodon.social","DigitalJacobin","Logan üáµüá∏üíæüåπ","https://mastodon.social/@DigitalJacobin","1","0","0","https://mastodon.social/@DigitalJacobin/112105964403920767","https://mastodon.social/users/DigitalJacobin/statuses/112105964403920767","03/16/2024 15:01:03"
"112113211634637627","mastodon.social","bradwilson","Brad Wilson","https://mastodon.social/@bradwilson","1","0","0","https://mastodon.social/@bradwilson/112113211634637627","https://mastodon.social/users/bradwilson/statuses/112113211634637627","03/17/2024 21:44:07"
"112116219497126829","techhub.social","Clatent","Clayton Tyger","https://techhub.social/@Clatent","0","0","0","https://techhub.social/@Clatent/112116219497126829","https://techhub.social/users/Clatent/statuses/112116219497126829","03/18/2024 10:29:03"
"112116869105638436","techhub.social","JeffHicks","Jeff Hicks üê∂üéºüç∑üñ•Ô∏è","https://techhub.social/@JeffHicks","0","0","0","https://techhub.social/@JeffHicks/112116869105638436","https://techhub.social/users/JeffHicks/statuses/112116869105638436","03/18/2024 13:14:16"
"112118993515193114","norden.social","maniabel","maniabel by Chris","https://norden.social/@maniabel","0","0","0","https://norden.social/@maniabel/112118993515193114","https://norden.social/users/maniabel/statuses/112118993515193114","03/18/2024 22:14:31"
"112119945791666893","techhub.social","JamesDBartlett3","James Bartlett :terminal:","https://techhub.social/@JamesDBartlett3","0","0","2","https://techhub.social/@JamesDBartlett3/112119945791666893","https://techhub.social/users/JamesDBartlett3/statuses/112119945791666893","03/19/2024 02:16:42"
"112121902839616135","techhub.social","TonyRedmond","Tony Redmond","https://techhub.social/@TonyRedmond","0","0","0","https://techhub.social/@TonyRedmond/112121902839616135","https://techhub.social/users/TonyRedmond/statuses/112121902839616135","03/19/2024 10:34:24"
"112122712121067592","mastodon.social","leanpub","Leanpub","https://mastodon.social/@leanpub","0","0","0","https://mastodon.social/@leanpub/112122712121067592","https://mastodon.social/users/leanpub/statuses/112122712121067592","03/19/2024 14:00:13"
"112127836984988034","fosstodon.org","mdgrs","mdgrs","https://fosstodon.org/@mdgrs","0","0","0","https://fosstodon.org/@mdgrs/112127836984988034","https://fosstodon.org/users/mdgrs/statuses/112127836984988034","03/20/2024 11:43:32"
"112127752142554880","mastodon.social","altf4formation","AltF4-Formation","https://mastodon.social/@altf4formation","0","0","0","https://mastodon.social/@altf4formation/112127752142554880","https://mastodon.social/users/altf4formation/statuses/112127752142554880","03/20/2024 11:21:57"
"112127750753370773","mastodon.social","altf4formation","AltF4-Formation","https://mastodon.social/@altf4formation","0","0","0","https://mastodon.social/@altf4formation/112127750753370773","https://mastodon.social/users/altf4formation/statuses/112127750753370773","03/20/2024 11:21:36"
"112127747675751831","mastodon.social","altf4formation","AltF4-Formation","https://mastodon.social/@altf4formation","0","0","0","https://mastodon.social/@altf4formation/112127747675751831","https://mastodon.social/users/altf4formation/statuses/112127747675751831","03/20/2024 11:20:49"
"112129943020114335","fosstodon.org","jborean","Jordan Borean","https://fosstodon.org/@jborean","0","2","1","https://fosstodon.org/@jborean/112129943020114335","https://fosstodon.org/users/jborean/statuses/112129943020114335","03/20/2024 20:39:08"
"112133540428693970","techhub.social","Clatent","Clayton Tyger","https://techhub.social/@Clatent","0","0","0","https://techhub.social/@Clatent/112133540428693970","https://techhub.social/users/Clatent/statuses/112133540428693970","03/21/2024 11:54:00"
"112134551203487202","fosstodon.org","mikekanakos","Mike Kanakos","https://fosstodon.org/@mikekanakos","0","0","0","https://fosstodon.org/@mikekanakos/112134551203487202","https://fosstodon.org/users/mikekanakos/statuses/112134551203487202","03/21/2024 16:11:03"
"112134402481297643","masto.ai","DoctorDNS","Thomas Lee ‚úÖ :patreon:","https://masto.ai/@DoctorDNS","0","0","0","https://masto.ai/@DoctorDNS/112134402481297643","https://masto.ai/users/DoctorDNS/statuses/112134402481297643","03/21/2024 15:33:14"
"112134096317137952","mastodon.social","ITeeTechMonkey","","https://mastodon.social/@ITeeTechMonkey","0","0","0","https://mastodon.social/@ITeeTechMonkey/112134096317137952","https://mastodon.social/users/ITeeTechMonkey/statuses/112134096317137952","03/21/2024 14:15:22"
"112138405971240171","infosec.exchange","sassdawe","Sass, David","https://infosec.exchange/@sassdawe","0","0","0","https://infosec.exchange/@sassdawe/112138405971240171","https://infosec.exchange/users/sassdawe/statuses/112138405971240171","03/22/2024 08:31:22"
